--------------------------------------------------------
--  File created - Tuesday-September-12-2017   
--------------------------------------------------------
--------------------------------------------------------
--  DDL for Table ACTIONS
--------------------------------------------------------

  CREATE TABLE "BEACON"."ACTIONS" 
   (	"ID" NUMBER GENERATED BY DEFAULT ON NULL AS IDENTITY MINVALUE 1 MAXVALUE 9999999999999999999999999999 INCREMENT BY 1 START WITH 1 CACHE 20 NOORDER  NOCYCLE  NOKEEP  NOSCALE , 
	"ACTION" VARCHAR2(100 BYTE), 
	"VALUE" VARCHAR2(100 BYTE)
   ) SEGMENT CREATION IMMEDIATE 
  PCTFREE 10 PCTUSED 40 INITRANS 1 MAXTRANS 255 
 NOCOMPRESS LOGGING
  STORAGE(INITIAL 65536 NEXT 1048576 MINEXTENTS 1 MAXEXTENTS 2147483645
  PCTINCREASE 0 FREELISTS 1 FREELIST GROUPS 1
  BUFFER_POOL DEFAULT FLASH_CACHE DEFAULT CELL_FLASH_CACHE DEFAULT)
  TABLESPACE "USERS" ;
--------------------------------------------------------
--  DDL for Table ALERT_ACTIONS
--------------------------------------------------------

  CREATE TABLE "BEACON"."ALERT_ACTIONS" 
   (	"ALERT_ID" NUMBER, 
	"ACTION_ID" NUMBER
   ) SEGMENT CREATION IMMEDIATE 
  PCTFREE 10 PCTUSED 40 INITRANS 1 MAXTRANS 255 
 NOCOMPRESS LOGGING
  STORAGE(INITIAL 65536 NEXT 1048576 MINEXTENTS 1 MAXEXTENTS 2147483645
  PCTINCREASE 0 FREELISTS 1 FREELIST GROUPS 1
  BUFFER_POOL DEFAULT FLASH_CACHE DEFAULT CELL_FLASH_CACHE DEFAULT)
  TABLESPACE "USERS" ;
--------------------------------------------------------
--  DDL for Table ALERTS
--------------------------------------------------------

  CREATE TABLE "BEACON"."ALERTS" 
   (	"ID" NUMBER GENERATED BY DEFAULT ON NULL AS IDENTITY MINVALUE 1 MAXVALUE 9999999999999999999999999999 INCREMENT BY 1 START WITH 1 CACHE 20 NOORDER  NOCYCLE  NOKEEP  NOSCALE , 
	"SCANNER_ID" NUMBER, 
	"NAME" VARCHAR2(200 BYTE), 
	"DESCRIPTION" VARCHAR2(1000 BYTE), 
	"LTD" NUMBER, 
	"STARTHOUR" NUMBER, 
	"HOURS" NUMBER
   ) SEGMENT CREATION IMMEDIATE 
  PCTFREE 10 PCTUSED 40 INITRANS 1 MAXTRANS 255 
 NOCOMPRESS LOGGING
  STORAGE(INITIAL 65536 NEXT 1048576 MINEXTENTS 1 MAXEXTENTS 2147483645
  PCTINCREASE 0 FREELISTS 1 FREELIST GROUPS 1
  BUFFER_POOL DEFAULT FLASH_CACHE DEFAULT CELL_FLASH_CACHE DEFAULT)
  TABLESPACE "USERS" ;
--------------------------------------------------------
--  DDL for Table READING
--------------------------------------------------------

  CREATE TABLE "BEACON"."READING" 
   (	"ID" NUMBER GENERATED BY DEFAULT ON NULL AS IDENTITY MINVALUE 1 MAXVALUE 9999999999999999999999999999 INCREMENT BY 1 START WITH 1 CACHE 20 NOORDER  NOCYCLE  NOKEEP  NOSCALE , 
	"SCANNER_ID" NUMBER, 
	"BEACON_ID" VARCHAR2(1000 BYTE), 
	"DISTANCE" NUMBER, 
	"CREATED_ON" TIMESTAMP (6) WITH LOCAL TIME ZONE DEFAULT localtimestamp
   ) SEGMENT CREATION IMMEDIATE 
  PCTFREE 10 PCTUSED 40 INITRANS 1 MAXTRANS 255 
 NOCOMPRESS LOGGING
  STORAGE(INITIAL 65536 NEXT 1048576 MINEXTENTS 1 MAXEXTENTS 2147483645
  PCTINCREASE 0 FREELISTS 1 FREELIST GROUPS 1
  BUFFER_POOL DEFAULT FLASH_CACHE DEFAULT CELL_FLASH_CACHE DEFAULT)
  TABLESPACE "USERS" 
  RESULT_CACHE(MODE FORCE) ;
REM INSERTING into BEACON.ACTIONS
SET DEFINE OFF;
Insert into BEACON.ACTIONS (ID,ACTION,VALUE) values (1,'ifttt',null);
Insert into BEACON.ACTIONS (ID,ACTION,VALUE) values (2,'deadBolt','lock');
Insert into BEACON.ACTIONS (ID,ACTION,VALUE) values (3,'deadBolt','unlock');
REM INSERTING into BEACON.ALERT_ACTIONS
SET DEFINE OFF;
Insert into BEACON.ALERT_ACTIONS (ALERT_ID,ACTION_ID) values (1,1);
Insert into BEACON.ALERT_ACTIONS (ALERT_ID,ACTION_ID) values (1,3);
Insert into BEACON.ALERT_ACTIONS (ALERT_ID,ACTION_ID) values (2,1);
Insert into BEACON.ALERT_ACTIONS (ALERT_ID,ACTION_ID) values (21,1);
Insert into BEACON.ALERT_ACTIONS (ALERT_ID,ACTION_ID) values (21,2);
REM INSERTING into BEACON.ALERTS
SET DEFINE OFF;
Insert into BEACON.ALERTS (ID,SCANNER_ID,NAME,DESCRIPTION,LTD,STARTHOUR,HOURS) values (1,1,'Outside',null,1,null,null);
Insert into BEACON.ALERTS (ID,SCANNER_ID,NAME,DESCRIPTION,LTD,STARTHOUR,HOURS) values (2,2,'LeftRoom',null,2,20,8);
Insert into BEACON.ALERTS (ID,SCANNER_ID,NAME,DESCRIPTION,LTD,STARTHOUR,HOURS) values (21,3,'FrontDoor',null,1,null,null);
REM INSERTING into BEACON.READING
SET DEFINE OFF;
--------------------------------------------------------
--  DDL for Index ACTIONS_PK
--------------------------------------------------------

  CREATE UNIQUE INDEX "BEACON"."ACTIONS_PK" ON "BEACON"."ACTIONS" ("ID") 
  PCTFREE 10 INITRANS 2 MAXTRANS 255 COMPUTE STATISTICS 
  STORAGE(INITIAL 65536 NEXT 1048576 MINEXTENTS 1 MAXEXTENTS 2147483645
  PCTINCREASE 0 FREELISTS 1 FREELIST GROUPS 1
  BUFFER_POOL DEFAULT FLASH_CACHE DEFAULT CELL_FLASH_CACHE DEFAULT)
  TABLESPACE "USERS" ;
--------------------------------------------------------
--  DDL for Index ALERT_ACTIONS_PK
--------------------------------------------------------

  CREATE UNIQUE INDEX "BEACON"."ALERT_ACTIONS_PK" ON "BEACON"."ALERT_ACTIONS" ("ALERT_ID", "ACTION_ID") 
  PCTFREE 10 INITRANS 2 MAXTRANS 255 COMPUTE STATISTICS 
  STORAGE(INITIAL 65536 NEXT 1048576 MINEXTENTS 1 MAXEXTENTS 2147483645
  PCTINCREASE 0 FREELISTS 1 FREELIST GROUPS 1
  BUFFER_POOL DEFAULT FLASH_CACHE DEFAULT CELL_FLASH_CACHE DEFAULT)
  TABLESPACE "USERS" ;
--------------------------------------------------------
--  DDL for Index ALERTS_PK
--------------------------------------------------------

  CREATE UNIQUE INDEX "BEACON"."ALERTS_PK" ON "BEACON"."ALERTS" ("ID") 
  PCTFREE 10 INITRANS 2 MAXTRANS 255 COMPUTE STATISTICS 
  STORAGE(INITIAL 65536 NEXT 1048576 MINEXTENTS 1 MAXEXTENTS 2147483645
  PCTINCREASE 0 FREELISTS 1 FREELIST GROUPS 1
  BUFFER_POOL DEFAULT FLASH_CACHE DEFAULT CELL_FLASH_CACHE DEFAULT)
  TABLESPACE "USERS" ;
--------------------------------------------------------
--  DDL for Index READING_UK
--------------------------------------------------------

  CREATE UNIQUE INDEX "BEACON"."READING_UK" ON "BEACON"."READING" ("ID") 
  PCTFREE 10 INITRANS 2 MAXTRANS 255 COMPUTE STATISTICS 
  STORAGE(INITIAL 65536 NEXT 1048576 MINEXTENTS 1 MAXEXTENTS 2147483645
  PCTINCREASE 0 FREELISTS 1 FREELIST GROUPS 1
  BUFFER_POOL DEFAULT FLASH_CACHE DEFAULT CELL_FLASH_CACHE DEFAULT)
  TABLESPACE "USERS" ;
--------------------------------------------------------
--  Constraints for Table ACTIONS
--------------------------------------------------------

  ALTER TABLE "BEACON"."ACTIONS" MODIFY ("ID" NOT NULL ENABLE);
  ALTER TABLE "BEACON"."ACTIONS" MODIFY ("ACTION" NOT NULL ENABLE);
  ALTER TABLE "BEACON"."ACTIONS" ADD CONSTRAINT "ACTIONS_PK" PRIMARY KEY ("ID")
  USING INDEX PCTFREE 10 INITRANS 2 MAXTRANS 255 COMPUTE STATISTICS 
  STORAGE(INITIAL 65536 NEXT 1048576 MINEXTENTS 1 MAXEXTENTS 2147483645
  PCTINCREASE 0 FREELISTS 1 FREELIST GROUPS 1
  BUFFER_POOL DEFAULT FLASH_CACHE DEFAULT CELL_FLASH_CACHE DEFAULT)
  TABLESPACE "USERS"  ENABLE;
--------------------------------------------------------
--  Constraints for Table ALERT_ACTIONS
--------------------------------------------------------

  ALTER TABLE "BEACON"."ALERT_ACTIONS" MODIFY ("ALERT_ID" NOT NULL ENABLE);
  ALTER TABLE "BEACON"."ALERT_ACTIONS" MODIFY ("ACTION_ID" NOT NULL ENABLE);
  ALTER TABLE "BEACON"."ALERT_ACTIONS" ADD CONSTRAINT "ALERT_ACTIONS_PK" PRIMARY KEY ("ALERT_ID", "ACTION_ID")
  USING INDEX PCTFREE 10 INITRANS 2 MAXTRANS 255 COMPUTE STATISTICS 
  STORAGE(INITIAL 65536 NEXT 1048576 MINEXTENTS 1 MAXEXTENTS 2147483645
  PCTINCREASE 0 FREELISTS 1 FREELIST GROUPS 1
  BUFFER_POOL DEFAULT FLASH_CACHE DEFAULT CELL_FLASH_CACHE DEFAULT)
  TABLESPACE "USERS"  ENABLE;
--------------------------------------------------------
--  Constraints for Table ALERTS
--------------------------------------------------------

  ALTER TABLE "BEACON"."ALERTS" MODIFY ("ID" NOT NULL ENABLE);
  ALTER TABLE "BEACON"."ALERTS" MODIFY ("SCANNER_ID" NOT NULL ENABLE);
  ALTER TABLE "BEACON"."ALERTS" MODIFY ("NAME" NOT NULL ENABLE);
  ALTER TABLE "BEACON"."ALERTS" ADD CONSTRAINT "ALERTS_PK" PRIMARY KEY ("ID")
  USING INDEX PCTFREE 10 INITRANS 2 MAXTRANS 255 COMPUTE STATISTICS 
  STORAGE(INITIAL 65536 NEXT 1048576 MINEXTENTS 1 MAXEXTENTS 2147483645
  PCTINCREASE 0 FREELISTS 1 FREELIST GROUPS 1
  BUFFER_POOL DEFAULT FLASH_CACHE DEFAULT CELL_FLASH_CACHE DEFAULT)
  TABLESPACE "USERS"  ENABLE;
--------------------------------------------------------
--  Constraints for Table READING
--------------------------------------------------------

  ALTER TABLE "BEACON"."READING" MODIFY ("ID" NOT NULL ENABLE);
  ALTER TABLE "BEACON"."READING" MODIFY ("CREATED_ON" NOT NULL ENABLE);
  ALTER TABLE "BEACON"."READING" ADD CONSTRAINT "READING_PK" PRIMARY KEY ("ID")
  USING INDEX (CREATE UNIQUE INDEX "BEACON"."READING_UK" ON "BEACON"."READING" ("ID") 
  PCTFREE 10 INITRANS 2 MAXTRANS 255 COMPUTE STATISTICS 
  STORAGE(INITIAL 65536 NEXT 1048576 MINEXTENTS 1 MAXEXTENTS 2147483645
  PCTINCREASE 0 FREELISTS 1 FREELIST GROUPS 1
  BUFFER_POOL DEFAULT FLASH_CACHE DEFAULT CELL_FLASH_CACHE DEFAULT)
  TABLESPACE "USERS" )  ENABLE;
